model_name,original_name,pathogen,name,n_compounds,n_positives,n_added_negatives,n_added_decoys,auroc_mean,auroc_std,auprc_mean,auprc_std,baseline_auprc_mean,baseline_auprc_std,bedroc_mean,bedroc_std,baseline_bedroc_mean,baseline_bedroc_std,w1,w2,w3,w4,w5,w6,w_screen,final_weight,final_normalized_weight,decision_cutoff_rank,screening_auc,sensitivity_at_cutoff,portfolio,model_size_total_mb,oof_auc_cddd_mean,oof_auc_cddd_std,oof_auc_chemeleon_mean,oof_auc_chemeleon_std,oof_auc_clamp_mean,oof_auc_clamp_std,oof_auc_morgan_mean,oof_auc_morgan_std,oof_auc_rdkit_mean,oof_auc_rdkit_std
chembl_single_point_0,SP_0002,paeruginosa,SP_0002,2222,177,0,0,0.9595,0.018,0.8126,0.0485,0.0796,0.0012,0.8737,0.0332,0.1,0.0008,1.0,0.8651,0.8982,0.8596,0.2839,0.1588,0.6127,0.6683,8.2047,0.65,0.8838,0.678,LR;RF;SVC;XGB,6.579,,,0.9539,0.0066,0.9365,0.0092,0.959,0.0049,0.9579,0.0074
chembl_single_point_1,SP_0001,paeruginosa,SP_0001,859,205,0,0,0.8903,0.0161,0.7486,0.0542,0.2387,0.0006,0.852,0.0498,0.2407,0.0006,1.0,0.6344,0.4536,0.5437,0.2108,0.1938,0.426,0.4946,6.0722,0.65,0.8278,0.5659,LR;RF;SVC;XGB,7.162,,,0.8754,0.0135,0.8705,0.0114,0.8752,0.0124,0.8755,
chembl_single_point_2,SP_0005,paeruginosa,SP_0005,852,117,0,0,0.9349,0.0242,0.7614,0.0676,0.1373,0.0028,0.8366,0.0587,0.1468,0.0024,1.0,0.7831,0.6141,0.6653,0.2089,0.0838,0.783,0.5912,7.2582,0.65,0.9349,0.7094,LR;RF;SVC;XGB,5.831,,,0.9438,0.0033,0.9195,0.0024,0.9447,0.0057,,
chembl_single_point_3,SP_0000,paeruginosa,SP_0000,815,263,0,0,0.9677,0.0175,0.9455,0.0292,0.3227,0.0034,0.9878,0.0096,0.3232,0.0033,1.0,0.8925,0.567,0.6052,0.1986,0.2543,0.5467,0.5806,7.128,0.65,0.864,0.6464,LR;RF;SVC;XGB,5.84,,,0.9634,0.0037,0.956,0.0041,0.9644,0.0005,,
chembl_single_point_4,SP_0003,paeruginosa,SP_0003,739,245,0,0,0.9113,0.0138,0.8301,0.0133,0.3315,0.001,0.9241,0.035,0.332,0.001,1.0,0.7044,0.4565,0.5423,0.1775,0.2437,0.5423,0.5238,6.4307,0.65,0.8627,0.4857,LR;RF;SVC;XGB,4.562,,,0.9053,0.0036,,,0.911,0.0054,0.9099,
chembl_single_point_5,SP_0004,paeruginosa,SP_0004,418,146,0,0,0.8575,0.0618,0.773,0.1053,0.3493,0.0049,0.8674,0.1246,0.3496,0.0048,1.0,0.525,0.393,0.4804,0.0883,0.12,0.3527,0.4228,5.1907,0.65,0.8058,0.5205,LR;RF;SVC;XGB,8.587,,,0.8345,0.024,0.8452,,0.8518,0.0215,0.8285,0.0021
chembl_dose_response_0,DR_0001,paeruginosa,DR_0001,10556,983,0,0,0.9708,0.005,0.8415,0.024,0.0931,0.0003,0.8912,0.0155,0.1102,0.0002,1.0,0.9027,0.8592,0.8324,0.5031,0.4943,0.935,0.7895,9.6927,0.65,0.9805,0.9349,RF;XGB,19.128,,,0.9692,0.0028,0.9631,0.0016,0.9703,0.0023,,
chembl_dose_response_1,DR_0000,paeruginosa,DR_0000,9559,1776,0,0,0.9645,0.0032,0.8818,0.0132,0.1858,0.0002,0.933,0.0143,0.1904,0.0002,1.0,0.8817,0.6355,0.6753,0.4878,0.5431,0.8813,0.7292,8.9524,0.65,0.9644,0.8829,RF;XGB,21.105,,,0.9588,0.0016,0.9531,0.0019,0.9589,0.0029,,
chembl_dose_response_2,DR_0002,paeruginosa,DR_0002,5179,1210,0,0,0.9433,0.0087,0.8611,0.0127,0.2336,0.0001,0.9379,0.0084,0.2358,0.0001,1.0,0.8111,0.5586,0.6248,0.3661,0.5117,0.865,0.6768,8.3091,0.65,0.9595,0.8884,RF;XGB,17.521,,,0.9352,0.005,0.9324,0.0027,0.9386,0.0035,,
chembl_dose_response_3,DR_0003,paeruginosa,DR_0003,1434,200,0,0,0.9437,0.018,0.83,0.0466,0.1395,0.0002,0.9026,0.0331,0.1486,0.0002,1.0,0.8124,0.6762,0.7248,0.2621,0.1875,0.8193,0.6403,7.861,0.65,0.9458,0.85,LR;RF;SVC;XGB,4.894,,,0.9181,0.0041,0.9321,0.0076,,,,
chembl_dose_response_4,DR_0004,paeruginosa,DR_0004,1060,406,0,0,0.9187,0.015,0.895,0.0211,0.383,0.0021,0.977,0.0145,0.3832,0.0021,1.0,0.7291,0.4892,0.5674,0.2517,0.302,0.636,0.5679,6.9721,0.65,0.8908,0.7266,LR;RF;SVC;XGB,7.496,,,0.9039,0.0076,0.911,0.0046,0.913,0.0024,,
chembl_dose_response_5,DR_0005,paeruginosa,DR_0005,797,396,0,0,0.8974,0.0401,0.8983,0.0392,0.4969,0.0022,0.9686,0.0284,0.4969,0.0022,1.0,0.6579,0.4438,0.5215,0.1936,0.2987,0.515,0.5186,6.3669,0.65,0.8545,0.6742,LR;RF;SVC;XGB,6.961,,,0.8823,0.0113,0.8834,0.0099,0.8896,0.0129,,
chembl_dose_response_6,DR_0007,paeruginosa,DR_0007,449,195,0,0,0.9282,0.0257,0.9188,0.0352,0.4343,0.0022,0.9858,0.0159,0.4344,0.0022,1.0,0.7607,0.4902,0.558,0.0969,0.1812,0.564,0.5216,6.4037,0.65,0.8692,0.7949,LR;RF;SVC;XGB,8.225,,,0.9251,0.0068,0.9239,0.0055,0.9233,0.0079,0.9261,
chembl_dose_response_7,DR_0006,paeruginosa,DR_0006,270,135,38,0,0.851,0.0558,0.8829,0.0429,0.5,0.0,0.9939,0.0058,0.5,0.0,0.7185,0.5034,0.4254,0.5488,0.0472,0.1062,0.591,0.4201,5.1576,0.65,0.8773,0.6741,LR;RF;SVC;XGB,2.681,,,0.8531,0.0215,0.8368,0.023,0.8194,,,
